nombre,output,flag,username,timestamp
Alfredo Pablo Lawler,"Hola Alfredo Pablo Lawler, ¿Como estas??? ",,,2023-11-10 21:32:32.858961
Alfredo Pablo Lawler ,"Hola Alfredo Pablo Lawler , ¿Como estas??? ",,,2023-11-10 21:36:10.625677
Emilia,"Te amo Emilia, ¿Y vos??? ",,,2023-11-11 22:25:21.458627
X**2-4*X-4,"Raices:
Las raíces de la ecuación dada son x = 0 y x = -2.

Derivada:
La derivada de la ecuación dada es f'(x) = 2x + 4.

Integral:
La integral de la ecuación dada es ∫f(x)dx = x2 + 4x + c.

Límite cuando x tiende a 0:
El límite cuando x tiende a 0 de la ecuación dada es 4.

Límite cuando x tiende a ∞:
El límite cuando x tiende a ∞ de la ecuación dada es ∞.",,,2023-11-11 23:42:26.843617
,,,,2023-11-12 21:05:57.203824
